{
  "version": 1,
  "author": "ESTEBAN CASTAÑO CASTAÑO",
  "editor": "wokwi",
  "parts": [
    { "type": "board-esp32-devkit-c-v4", "id": "esp", "top": 0, "left": -33.56, "attrs": {} },
    {
      "type": "wokwi-hx711",
      "id": "cell1",
      "top": 21.8,
      "left": 223.4,
      "attrs": { "type": "50kg" }
    },
    { "type": "wokwi-lcd1602", "id": "lcd1", "top": 208, "left": 188, "attrs": { "pins": "i2c" } }
  ],
  "connections": [
    [ "esp:TX", "$serialMonitor:RX", "", [] ],
    [ "esp:RX", "$serialMonitor:TX", "", [] ],
    [ "cell1:GND", "esp:GND.2", "black", [ "h-28.8", "v-19.5" ] ],
    [ "cell1:DT", "esp:4", "green", [ "h-86.4", "v85.9" ] ],
    [ "cell1:SCK", "esp:5", "orange", [ "h-105.6", "v47.2" ] ],
    [ "lcd1:GND", "esp:GND.2", "black", [ "h-28.8", "v-211.2" ] ],
    [ "lcd1:VCC", "esp:3V3", "red", [ "h-38.4", "v-287.9", "h-182.55" ] ],
    [ "lcd1:SCL", "esp:22", "blue", [ "h-86.4", "v-143.7" ] ],
    [ "lcd1:SDA", "esp:21", "magenta", [ "h-67.2", "v-105.4" ] ],
    [ "cell1:VCC", "esp:5V", "red", [ "h-48", "v124.8", "h-211.2" ] ]
  ],
  "dependencies": {}
}