{
  "version": 1,
  "author": "Anonymous maker",
  "editor": "wokwi",
  "parts": [
    { "type": "board-esp32-devkit-c-v4", "id": "esp", "top": -76.8, "left": 43.24, "attrs": {} },
    {
      "type": "wokwi-lcd1602",
      "id": "lcd1",
      "top": -70.4,
      "left": 188,
      "attrs": { "pins": "i2c" }
    },
    { "type": "wokwi-dht22", "id": "dht1", "top": -239.7, "left": 61.8, "attrs": {} }
  ],
  "connections": [
    [ "esp:TX", "$serialMonitor:RX", "", [] ],
    [ "esp:RX", "$serialMonitor:TX", "", [] ],
    [ "lcd1:SDA", "esp:21", "green", [ "v-4.49", "h-28.8", "v23.89" ] ],
    [ "lcd1:GND", "esp:GND.2", "black", [ "h-16.67", "v162.78" ] ],
    [ "lcd1:VCC", "esp:3V3", "red", [ "h-9.6", "v-57.5", "h-134.55" ] ],
    [ "lcd1:SCL", "esp:22", "purple", [ "h-19.2", "v-18.9" ] ],
    [ "esp:GND.2", "dht1:GND", "black", [ "v0" ] ],
    [ "esp:3V3", "dht1:VCC", "green", [ "h-28.65", "v-76.8" ] ],
    [ "esp:4", "dht1:SDA", "green", [ "h-163.2", "v-201.6", "h105.5" ] ]
  ],
  "dependencies": {}
}